guide_id	intended_target_name	n_de_genes	n_upregulated	n_downregulated	intended_target_chr	intended_target_start	intended_target_end
FOSB_GGACAGTGCGGGACTCGATT	ENSG00000125740	1009	611	398	chr19	45466995	45468495
GATA1_GTGCTTGTGGGGCACCTCTT	ENSG00000102145	803	480	323	chrX	48785589	48787089
FOXF1_GGCTGCACCTCTGCCGTCAT	ENSG00000103241	756	409	347	chr16	86509526	86511026
JDP2_GAACCCGGGACGCCCCCGCG	ENSG00000140044	743	394	349	chr14	75427021	75428521
KLF5_GAAGTTGTGTACAAACTGCG	ENSG00000102554	738	280	458	chr13	73058004	73059504
BSX_GCCGCGGTGCTGAACACCAC	ENSG00000188909	681	121	560	chr11	122981333	122982833
FOXL2_GGCTGGCCGCCCCGCTATAG	ENSG00000183770	664	397	267	chr3	138946636	138948136
ETV3L_GCCCAGCAGGGGCAGGATAT	ENSG00000253831	654	398	256	chr1	157099307	157100807
PAX5_GTCGGTCTGCCCCTTCCCGT	ENSG00000196092	645	291	354	chr9	37033767	37035267
NEUROD1_GGGGTGAGGGGAGCGGTTGT	ENSG00000162992	630	377	253	chr2	181680016	181681516
HMX1_GGGCCGGCGCAGCGTCCTCG	ENSG00000215612	575	246	329	chr4	8871338	8872838
GATA3_GGCGCTGGCGAGTAGGGGAC	ENSG00000107485	574	380	194	chr10	8053687	8055187
FOXI3_GCCCGGGCCCGGGAGCGTCT	ENSG00000214336	503	378	125	chr2	88452192	88453692
SALL3_GAGCGGCCCGGGCGAGACAA	ENSG00000256463	480	149	331	chr18	78978817	78980317
EOMES_GGCAGTAGCGGCCCGCGAGT	ENSG00000163508	435	238	197	chr3	27721822	27723322
SOX11_GGGGCGGCCCGGGGCGAACC	ENSG00000176887	416	195	221	chr2	5691383	5692883
MNX1_GGCGGGCGGGGACACCAACG	ENSG00000130675	402	120	282	chr7	157010162	157011662
FOXF2_GCGGGGAGCGAGATAAGAGA	ENSG00000137273	389	263	126	chr6	1388575	1390075
TBX21_GCCCTCTCGTGGCTAATACT	ENSG00000073861	377	229	148	chr17	47732235	47733735
HIC1_GAGGGGCCCACCCTACCCGC	ENSG00000177374	362	130	232	chr17	2054102	2055602
NKX3-1_GCAGGGCTCGCAGATCGGCG	ENSG00000167034	350	83	267	chr8	23682437	23683937
HELZ2_GAGGGGCGTCCTCTGCTCGC	ENSG00000130589	343	195	148	chr20	63573738	63575238
FOXC2_GAGAGGAGTCGGCGCCAATC	ENSG00000176692	331	250	81	chr16	86565828	86567328
HES7_GCCTCGTGCCGGGTCCTAGA	ENSG00000179111	323	282	41	chr17	8123605	8125105
GFI1_GAGAGCGGGACCTCGCACGC	ENSG00000162676	319	144	175	chr1	92486424	92487924
HIVEP1_GAGGAGGCGGCGAAGCTCGC	ENSG00000095951	312	103	209	chr6	12011311	12012811
GSX2_GAGCTCCGCACCCTCGGGAT	ENSG00000180613	292	134	158	chr4	54099162	54100662
HAND1_GCCACTCTAGTCCGCCAGCA	ENSG00000113196	275	188	87	chr5	154477726	154479226
TBX4_GGGGCCCCGCGAGCCGGGTA	ENSG00000121075	272	210	62	chr17	61451421	61452921
OSR2_GCGCGCCCGGCGTCTGCTAA	ENSG00000164920	271	130	141	chr8	98943441	98944941
FOXE1_GCGGGCGCACCTCCCCAGGT	ENSG00000178919	262	142	120	chr9	97852225	97853725
GLIS3_GCAAGAGGGAGACACAAGCT	ENSG00000107249	254	147	107	chr9	4299567	4301067
PRDM16_GCGGCGGCGGCGCGACGATG	ENSG00000142611	253	89	164	chr1	3068202	3069702
FOXD2_GCGGCCGCGCTCACCTTCCA	ENSG00000186564	246	72	174	chr1	47437043	47438543
FOS_GGGGCTGCAGCCAACACCGA	ENSG00000170345	241	211	30	chr14	75277827	75279327
LHX4_GCGGGCGGCCGGCACGCGAA	ENSG00000121454	240	111	129	chr1	180229263	180230763
KLF8_GGAGCTGGCCTCGCCTCCGG	ENSG00000102349	237	92	145	chrX	56231355	56232855
NEUROD2_GTGGCATGCGTCTGCACTGG	ENSG00000171532	225	138	87	chr17	39607419	39608919
ZNF618_GCCCCACCCCCGGCCCGCAC	ENSG00000157657	224	174	50	chr9	113875308	113876808
ONECUT3_GCCCCACTCGAGCACCAAGC	ENSG00000205922	220	142	78	chr19	1752505	1754005
OVOL1_GGAGGCCACCTCACCCGCAG	ENSG00000172818	216	97	119	chr11	65786062	65787562
ZBTB10_GGCGCCAGGGGACCGGGAAA	ENSG00000205189	215	134	81	chr8	80485225	80486725
JUN_GCCCAGAGAAGAATCTTCTA	ENSG00000177606	211	140	71	chr1	58783546	58785046
ZNF296_GCGGCGGCCTAACTCAATCT	ENSG00000170684	208	114	94	chr19	45075977	45077477
PLAGL1_GCTCGGGAGCCGGAACGGCG	ENSG00000118495	200	114	86	chr6	144007758	144009258
PHOX2A_GACGGCGGCGGGGACCCTTC	ENSG00000165462	198	140	58	chr11	72243675	72245175
GFI1_GGCGATGAGTAGCTGAGTTG	ENSG00000162676	194	66	128	chr1	92483313	92484813
GFI1_GAGAACTGGGAGGACTACTA	ENSG00000162676	191	74	117	chr1	92485598	92487098
IRF4_GGCGCGCGGAGGGTCGCCAA	ENSG00000137265	190	91	99	chr6	390751	392251
GATA2_GGGGAGGCCCAGAGCATCGA	ENSG00000179348	190	170	20	chr3	128487420	128488920
ZEB2_GCCCTCCCCACAAAGATAGG	ENSG00000169554	186	88	98	chr2	144519618	144521118
CDX2_GGGGAAGACCCGCCACAGGC	ENSG00000165556	183	84	99	chr13	27967792	27969292
SMAD1_GGGCCGCGCTGCGCTCACGC	ENSG00000170365	173	96	77	chr4	145480852	145482352
EGR2_GGAGCCCGGCGGAGTCCGCG	ENSG00000122877	165	112	53	chr10	62815865	62817365
EP300_GTCCGCCCTAGGCCCCAACG	ENSG00000100393	158	123	35	chr22	41091591	41093091
ZNF844_GCGCTTCAAGCCACAGTCCA	ENSG00000223547	155	135	20	chr19	12063730	12065230
SOX13_GCCTGCAGCCGGGTCCATCC	ENSG00000143842	154	110	44	chr1	204072114	204073614
ALX4_GGAGAGAGAGGCCGGCGTGG	ENSG00000052850	154	87	67	chr11	44309638	44311138
TEAD3_GGAGGAAGGCAGCTCCGCAC	ENSG00000007866	151	72	79	chr6	35496578	35498078
ARID3A_GCCAGGGGACGAGTCGCTCT	ENSG00000116017	144	31	113	chr19	925034	926534
MYC_GTCCCCTCCTGCCTCGAGAA	ENSG00000136997	144	116	28	chr8	127735230	127736730
JDP2_GCAGGAGCGCTCGAGAAAGC	ENSG00000140044	141	125	16	chr14	75426723	75428223
YAP1_GCCGCGGGCCGGGAGTGTGC	ENSG00000137693	140	107	33	chr11	102109446	102110946
PPARGC1A_GAGAGCAGCAAGCTGCACAG	ENSG00000109819	135	58	77	chr4	23889546	23891046
ETS1_GGGGCCGGGCGATGTCCGCT	ENSG00000134954	135	37	98	chr11	128521809	128523309
ELOA_GCCTCGGCTGGGGTGTGTGG	ENSG00000011007	133	95	38	chr1	23742470	23743970
GLI1_GGATTGAGGAAAATATTGCG	ENSG00000111087	132	120	12	chr12	57458784	57460284
NFATC2_GCGCGGAGGAGGCGACGTCA	ENSG00000101096	129	84	45	chr20	51562338	51563838
PRDM1_GGGGCTCGGCCAGGTGGTGT	ENSG00000057657	128	60	68	chr6	106085335	106086835
NFIL3_GGCCGTCCGAGCGCCCGCGA	ENSG00000165030	126	84	42	chr9	91423331	91424831
MXI1_GGAGCCTGTCGCCATCGGAC	ENSG00000119950	126	62	64	chr10	110206604	110208104
DLX3_GGAGAGAGAGAGGAGAGCAT	ENSG00000064195	126	78	48	chr17	49994723	49996223
GATA4_GGCTGCGGGATGAGGACCAC	ENSG00000136574	124	111	13	chr8	11703201	11704701
EBF2_GGCGCGCCGCCGGAGGACGT	ENSG00000221818	120	105	15	chr8	26044912	26046412
CEBPD_GGCGCGCCCCGGGAAGGCTC	ENSG00000221869	118	91	27	chr8	47737663	47739163
TLX1_GCTGGCTCCTGCATCTGTCT	ENSG00000107807	117	45	72	chr10	101130299	101131799
FOSL1_GCAGCGGCGCGGTCACCTCC	ENSG00000175592	117	57	60	chr11	65899887	65901387
NCOA1_GGGGCCGCGAGGGGAACTCG	ENSG00000084676	115	46	69	chr2	24490876	24492376
SMAD6_GGGAGCCTCCGGCCCTGCAA	ENSG00000137834	115	105	10	chr15	66701235	66702735
HMX2_GCCGGCCAGGCACACAGCAC	ENSG00000188816	109	74	35	chr10	123147135	123148635
IRF1_GGCGGCGAAGGGGAAGTACA	ENSG00000125347	108	63	45	chr5	132490272	132491772
MKX_GCAGCCGGCGAACATCCTGC	ENSG00000150051	108	33	75	chr10	27745318	27746818
ESX1_GGGCACCGTACCGCTATATA	ENSG00000123576	108	72	36	chrX	104254432	104255932
BBX_GTTCGGGACCTGTAGACAGT	ENSG00000114439	103	103	0	chr3	107521961	107523461
FOXA1_GAGCCCGAGGTGCACCTGCA	ENSG00000129514	101	51	50	chr14	37594748	37596248
FEZF2_GCAGGCGCGGGGGAACACAG	ENSG00000153266	101	80	21	chr3	62373049	62374549
OVOL2_GCCTAAGGAAGGGCTGGAAC	ENSG00000125850	100	80	20	chr20	18057415	18058915
PAX3_GCCTCGGCACCACCAGAGAT	ENSG00000135903	99	96	3	chr2	222298497	222299997
TBX5_GGCGCAGACCCGGCACTGAT	ENSG00000089225	98	83	15	chr12	114407511	114409011
FOXA3_GGCGCCTGAGGTCTGTCTCC	ENSG00000170608	97	64	33	chr19	45863325	45864825
FOXJ1_GTCGAAGAGAGTTGCCGCCA	ENSG00000129654	93	59	34	chr17	76140744	76142244
LBX1_GCCGGACTGACAGGCGCATT	ENSG00000138136	92	43	49	chr10	101228962	101230462
PROX1_GGCCCGCAGATGGCTCGCTC	ENSG00000117707	92	49	43	chr1	213986972	213988472
CREBBP_GCCGCCAAGCGTAGGGAAGC	ENSG00000005339	90	75	15	chr16	3880212	3881712
YAP1_GCCTCCGTCAAGGGAGTTGG	ENSG00000137693	89	69	20	chr11	102110548	102112048
HOXA13_GCGCGGGTCTGGGCCCCACT	ENSG00000106031	88	76	12	chr7	27199590	27201090
THRA_GGGAGCAGCCGCGAGCCGGC	ENSG00000126351	88	58	30	chr17	40061964	40063464
NKX6-2_GTAGCGCGGCAGGTGCCTCC	ENSG00000148826	88	33	55	chr10	132785646	132787146
MYCN_GGGGCTGTGGCGCAGACAAG	ENSG00000134323	88	86	2	chr2	15939549	15941049
GATA6_GTCAGCGAGCAGCTGGGCGC	ENSG00000141448	86	74	12	chr18	22168588	22170088
MYRF_GAGCGCCGCCTGCAGGAGTC	ENSG00000124920	86	67	19	chr11	61751635	61753135
CDX2_GGGGAGGGAGGCTCGTGAGA	ENSG00000165556	86	49	37	chr13	27968814	27970314
NFATC1_GGGGGCGTGATGTCACGGCA	ENSG00000131196	85	81	4	chr18	79394929	79396429
SOX8_GAGCCGCGCGGCGCCCGCAG	ENSG00000005513	84	59	25	chr16	980769	982269
INSM2_GTCACTGGAGTAGACGAATC	ENSG00000168348	83	72	11	chr14	35533163	35534663
RREB1_GGCGGCGGCGGCGCTCGGAC	ENSG00000124782	82	63	19	chr6	7106742	7108242
EGR3_GAAGGGGCGCGACGTCACAA	ENSG00000179388	78	78	0	chr8	22692979	22694479
TBX5_GGAGTGTTCGGGAAATCTAG	ENSG00000089225	78	67	11	chr12	114405643	114407143
EPAS1_GCGGGCGGCTCACTGCGTCC	ENSG00000116016	77	32	45	chr2	46296406	46297906
ESR2_GGACTCCTGGTCCACCCACA	ENSG00000140009	77	66	11	chr14	64293909	64295409
HNRNPAB_GCTTCGGGAGCCCTCCGTAG	ENSG00000197451	76	75	1	chr5	178203532	178205032
HNF1B_GAGGGGGAAACCCGGAGAGA	ENSG00000276194	74	69	5	chr17	37744558	37746058
TLX2_GTGGCTGGCGGAGATGTGCG	ENSG00000115297	73	38	35	chr2	74513449	74514949
DLX2_GCCAAGGGGCGGGCGTCACA	ENSG00000115844	73	43	30	chr2	172102399	172103899
FOXN4_GGCGGAGGAGTGCAGGGGTA	ENSG00000139445	71	56	15	chr12	109308783	109310283
TCF7L1_GCAGCTCTCCGGGTTCCGCG	ENSG00000292149	71	47	24	chr2	85132391	85133891
TBX3_GACAGGCAGTAGTACCGATG	ENSG00000135111	71	29	42	chr12	114683674	114685174
SOX18_GGCCTCAGCGGAATCCCGCC	ENSG00000203883	70	61	9	chr20	64049138	64050638
FOXA2_GCAGGCCAGCGCCCCGCGGT	ENSG00000125798	70	52	18	chr20	22583762	22585262
LHX9_GCCTGCTTGCCCATCACCAG	ENSG00000143355	66	50	16	chr1	197916371	197917871
SOX9_GGGAGGGGATCGCAGCCAAA	ENSG00000125398	65	54	11	chr17	72120019	72121519
TOX_GAGCCGCGGCGCGCACCCGT	ENSG00000198846	64	27	37	chr8	59118646	59120146
ELK3_GCGGAGTCGCCGCGGGTCGG	ENSG00000111145	59	33	26	chr12	96193374	96194874
EBF3_GGCGCCGTCAGGCAGTCAGT	ENSG00000108001	59	50	9	chr10	129963773	129965273
NKX1-2_GGGCCAGCCTCGGGACTATC	ENSG00000229544	58	27	31	chr10	124449534	124451034
TP73_GTCGGGCACAGAGTCGGCAC	ENSG00000078900	58	56	2	chr1	3651515	3653015
PDX1_GCCTGGCTGGCCGCACTAAG	ENSG00000139515	57	50	7	chr13	27918999	27920499
HOXC11_GTCTCTCTTAGGTAAGATCG	ENSG00000123388	57	33	24	chr12	53972125	53973625
BNC2_GGAGGCCCGGAGGAACTCGG	ENSG00000173068	55	31	24	chr9	16870169	16871669
NOTO_GTGAGCGCCCGCTCTGTGCG	ENSG00000214513	52	37	15	chr2	73201573	73203073
ZBTB7A_GGCAGCGGGCGAAGCCCCAC	ENSG00000178951	49	24	25	chr19	4066398	4067898
KLF4_GCTCCCTTCCATCGTTGCTA	ENSG00000136826	48	39	9	chr9	107489268	107490768
CEBPA_GATGGGGCGGCGAACCAGCG	ENSG00000245848	48	48	0	chr19	33302033	33303533
NR4A3_GTATGCCACAGGAGCCCTAG	ENSG00000119508	47	44	3	chr9	99820884	99822384
CEBPB_GCCGCGCCGCCGGGACGCGA	ENSG00000172216	46	30	16	chr20	50189829	50191329
GSC_GTTCGCTGAACTCAACCCGC	ENSG00000133937	46	46	0	chr14	94769612	94771112
BARX1_GGCCGGCCGACCGAGACCGA	ENSG00000131668	45	25	20	chr9	93954854	93956354
MYBL1_GAGCTGGGACTGGAACTCGC	ENSG00000185697	45	15	30	chr8	66612717	66614217
TFAP2A_GAGGAGGAGGGCGAGGAGAA	ENSG00000137203	45	44	1	chr6	10414573	10416073
TBX18_GACGGGGCTGGACTCAGCTA	ENSG00000112837	45	35	10	chr6	84764097	84765597
OSR1_GGGAGGAATCCTGAGGCAAG	ENSG00000143867	45	31	14	chr2	19358122	19359622
STAT2_GCTGAATGGCAGCCAGTGTC	ENSG00000170581	45	44	1	chr12	56359606	56361106
LHX6_GCCTCCCCCTCCAGCTGCAA	ENSG00000106852	44	26	18	chr9	122228456	122229956
BCL11B_GACCCAGAGAGTCGGAGCAC	ENSG00000127152	43	42	1	chr14	99271696	99273196
FOXE3_GGGTACCGTGAACAGAGTAA	ENSG00000186790	43	34	9	chr1	47415284	47416784
FLI1_GGAAGAGAGAGGAGAGCTCG	ENSG00000151702	43	21	22	chr11	128693071	128694571
BHLHE41_GGGCGGCGAGAGAAGGCGAA	ENSG00000123095	42	35	7	chr12	26124536	26126036
HOXC9_GCGGCGCGGATCAATGCGCA	ENSG00000180806	42	32	10	chr12	53999160	54000660
NFE2L2_GACGCAAGAAGCTCGCGGTC	ENSG00000116044	42	40	2	chr2	177264226	177265726
NFE2_GAGGAAACTTGAGCCCGATG	ENSG00000123405	42	42	0	chr12	54300514	54302014
SNAI1_GTGGCGGTGAGAGCCCGGGC	ENSG00000124216	40	28	12	chr20	49981979	49983479
NKX1-1_GTAGGCGCGCGCGCTAACGA	ENSG00000235608	40	24	16	chr4	1405941	1407441
SOX6_GTACAGAATTCTCCTGTCTA	ENSG00000110693	40	40	0	chr11	16356045	16357545
SNAI2_GCTGGGACAGCTGTGAACAG	ENSG00000019549	40	37	3	chr8	48920928	48922428
ZFP36L2_GAGGCACGGCTGTTCTCCTC	ENSG00000152518	40	33	7	chr2	43226105	43227605
PITX1_GCGGCGGCGCGGGCGGCTTG	ENSG00000069011	39	32	7	chr5	135033727	135035227
NKX3-2_GGGCGCTCCCGGCCGTCCAT	ENSG00000109705	39	18	21	chr4	13544007	13545507
TFAP2A_GGAGGACAATCAGACCTAAA	ENSG00000137203	38	36	2	chr6	10411890	10413390
FOXC1_GGGGCTGACCACACGCGCGC	ENSG00000054598	38	31	7	chr6	1608914	1610414
FOXP4_GGGGAGCGCGCGGAGAGCGA	ENSG00000137166	38	32	6	chr6	41545380	41546880
MEIS1_GAAGCGAGCTCTGGCCGCAC	ENSG00000143995	37	24	13	chr2	66434124	66435624
BCL11A_GCACCAATGGACACACATCA	ENSG00000119866	37	36	1	chr2	60553153	60554653
SATB2_GAAACCGAGGACAACCCAAA	ENSG00000119042	36	31	5	chr2	199457438	199458938
ZNF660_GTCCAGGGCCCTCCTCACAT	ENSG00000144792	35	28	7	chr3	44583963	44585463
SOX17_GTGGGGTTGGACTGGGACGT	ENSG00000164736	35	33	2	chr8	54456934	54458434
PRRX2_GGATGGAAAACGACAAAACA	ENSG00000167157	34	28	6	chr9	129664646	129666146
HMX3_GCATGCGAGCCCGCCCGTCT	ENSG00000188620	34	27	7	chr10	123134969	123136469
PAX2_GGGCCCCGAGCCTGTCACTC	ENSG00000075891	33	25	8	chr10	100744581	100746081
BCL11B_GGGAGCTCTCGGTCTCTCTA	ENSG00000127152	33	33	0	chr14	99268599	99270099
MYOCD_GTAAGAGCCGGTTCCCGAGA	ENSG00000141052	33	32	1	chr17	12664889	12666389
KLF2_GCGGAAACGCGTCCCGGATG	ENSG00000127528	33	22	11	chr19	16323825	16325325
PTF1A_GCGCCCCAGGAGCTCCCAAA	ENSG00000168267	32	23	9	chr10	23191311	23192811
HOXA11_GCTGAGGTGGCTACAAAGAA	ENSG00000005073	32	32	0	chr7	27184731	27186231
ZNF777_GAGCCCGCGTCCCTGGAACC	ENSG00000196453	32	32	0	chr7	149460561	149462061
SATB1_GAGCGGGCGGAAAAGGGATG	ENSG00000182568	31	23	8	chr3	18424838	18426338
ZNF827_GAGCCCCTAACACTAATGTC	ENSG00000151612	31	28	3	chr4	145938322	145939822
MYC_GCCTAGCCCAGCTCTGGAAC	ENSG00000136997	31	31	0	chr8	127734433	127735933
TCF7L2_GGGGAGCGGAGATTATTGAC	ENSG00000148737	31	30	1	chr10	112949246	112950746
KLF12_GGATGGTTGAAATCCCCTGT	ENSG00000118922	31	17	14	chr13	74133903	74135403
SMARCC1_GGGGCGTCCGCGCCGGAAGA	ENSG00000173473	30	29	1	chr3	47781392	47782892
KLF3_GCGCGCCTCGTGGGACAGGT	ENSG00000109787	30	16	14	chr4	38663198	38664698
HOXC13_GGCCGACGCAAAGGGGTGTA	ENSG00000123364	30	30	0	chr12	53937830	53939330
HAND2_GATGAGGAGGTAGCCAATCC	ENSG00000164107	30	27	3	chr4	173529728	173531228
STAT6_GCCACTGCTTACACTGAAGA	ENSG00000166888	30	29	1	chr12	57109788	57111288
ZFPM2_GTACGGCCCCGGCCTTGGTC	ENSG00000169946	29	15	14	chr8	105317437	105318937
YBX3_GAAATGCTAATGAGAGTCCA	ENSG00000060138	28	28	0	chr12	10722822	10724322
IKZF2_GCCTACTAGACCATCCCTAA	ENSG00000030419	28	23	5	chr2	213149936	213151436
PLAG1_GGGCGGTGGCCGAACAGGCA	ENSG00000181690	28	28	0	chr8	56210772	56212272
SALL1_GTCCCGGGCGGTCGCAAAGA	ENSG00000103449	27	21	6	chr16	51150769	51152269
POU4F2_GGGAAACGCCGGCTCCTGTT	ENSG00000151615	27	24	3	chr4	146637892	146639392
PITX3_GAGCCACGGGTAAAAGGGAT	ENSG00000107859	26	26	0	chr10	102241011	102242511
NFATC3_GCGCGAGAGCGCACCCGCGG	ENSG00000072736	26	13	13	chr16	68084369	68085869
NR5A2_GGGAGCTGCGAGACCGGACA	ENSG00000116833	26	26	0	chr1	200038616	200040116
TRIM28_GACAAGAGCCCCACCGACGT	ENSG00000130726	24	8	16	chr19	58543063	58544563
HES1_GGGCCGCCAGGCACAAGGTC	ENSG00000114315	24	22	2	chr3	194135147	194136647
TFCP2L1_GGCCAGACCAGAGGGCTCTA	ENSG00000115112	24	24	0	chr2	121284701	121286201
AFF1_GGAACCCGGTACCGCAGCTC	ENSG00000172493	23	23	0	chr4	86934010	86935510
ZNF777_GTGTGAGAGGCGCAGGGGAT	ENSG00000196453	22	22	0	chr7	149460087	149461587
NR4A1_GTCCGCGCTCCCTGCGTCAA	ENSG00000123358	22	18	4	chr12	52050441	52051941
SUZ12_GGCGGAGCGAGGCCAGGGTA	ENSG00000178691	22	22	0	chr17	31936006	31937506
TWIST2_GAGTGCCCTGCGTTCGGGGT	ENSG00000288335	22	18	4	chr2	238847084	238848584
TFAP2C_GTGACAGCCGAAGACCTGCG	ENSG00000087510	22	22	0	chr20	56628305	56629805
TSHZ1_GGTAATTGTCAGGGTGACGT	ENSG00000179981	21	15	6	chr18	75209796	75211296
DMRT1_GCACGCCACGCCCGGAGTGG	ENSG00000137090	21	11	10	chr9	840696	842196
MESP1_GGCGCCGCGCCTACCTACGG	ENSG00000166823	21	7	14	chr15	89750748	89752248
MXI1_GACTCCCTGCGGTTGCCCAG	ENSG00000119950	21	12	9	chr10	110224995	110226495
ZHX1_GCGGTGGCCCCGCGGAGTGT	ENSG00000165156	21	9	12	chr8	123273785	123275285
FOXD3_GTTCAGGGAATTGTCAACAA	ENSG00000187140	20	15	5	chr1	63321566	63323066
NR2F2_GGTCCGGCCAATGACGGCGA	ENSG00000185551	20	15	5	chr15	96329699	96331199
SOX15_GAGGGGAGGCAATCAGCAAC	ENSG00000129194	20	20	0	chr17	7589593	7591093
EGR4_GGTGCCGGGGACTCCCGAAA	ENSG00000135625	20	19	1	chr2	73293047	73294547
RUNX2_GCAAGGGGGAAAAGCCACAG	ENSG00000124813	19	18	1	chr6	45327329	45328829
LHX2_GGGCTGTAGAAAAGGCGCGG	ENSG00000106689	19	19	0	chr9	124010767	124012267
BID_GCGGCAGCGCAGTGAGAACC	ENSG00000015475	19	17	2	chr22	17773994	17775494
NCOA2_GCAGCGCGAGCTCGCGAGCA	ENSG00000140396	18	14	4	chr8	70403307	70404807
VENTX_GCGATTCAGAGGCACAAAGG	ENSG00000151650	17	16	1	chr10	133236854	133238354
SMAD5_GGTGACCGCTGCGGGACCGA	ENSG00000113658	17	14	3	chr5	136131844	136133344
HES5_GGCGGCCCACCTGCTCCTTG	ENSG00000197921	17	15	2	chr1	2529762	2531262
ARID1A_GGAGCCTCGTGTCGGAGTGA	ENSG00000117713	17	17	0	chr1	26695014	26696514
KLF15_GGCATCCGCCGCTCAAGTCC	ENSG00000163884	17	13	4	chr3	126356907	126358407
NR1H3_GCTGCTAAGAGCGCTGGGTA	ENSG00000025434	17	16	1	chr11	47256995	47258495
FOXD1_GTAGGAAATCAGCCCTTCTC	ENSG00000251493	15	12	3	chr5	73448276	73449776
SIX4_GGGGAGGCGGGTGATCGACA	ENSG00000100625	15	15	0	chr14	60723850	60725350
ZNF160_GGGACCCCAGGGAAGGAACG	ENSG00000170949	15	15	0	chr19	53102921	53104421
NCOA3_GGCGGAGGGCGTGGCGACGT	ENSG00000124151	15	15	0	chr20	47500886	47502386
TOPORS_GGGGGGCGAGGGGAAATATC	ENSG00000197579	15	15	0	chr9	32552085	32553585
HMGN2_GTCGCACGGCTTGGAGAAGT	ENSG00000198830	15	15	0	chr1	26471439	26472939
ZNF555_GAGTTCCCCGGATTCCGATT	ENSG00000186300	15	15	0	chr19	2840474	2841974
ZMIZ2_GGAGCCCGAGCGGCCCAAAG	ENSG00000122515	15	15	0	chr7	44747846	44749346
SOX12_GAACTGGGGAGCGAGGAGCT	ENSG00000177732	14	13	1	chr20	324551	326051
BNC1_GAGGTCTCCGCGGTCTGCGG	ENSG00000169594	14	8	6	chr15	83284163	83285663
KAT2A_GGAGACAGGACAGAAAAGTC	ENSG00000108773	14	14	0	chr17	42120866	42122366
EGR3_GAGCTTGCTAGGAAGCGGCG	ENSG00000179388	14	11	3	chr8	22692076	22693576
XRCC5_GGGCCTAGCAGGAAACGAAG	ENSG00000079246	14	13	1	chr2	216108347	216109847
LHX8_GGACGTGCCCGGGTGAGCGC	ENSG00000162624	14	9	5	chr1	75135382	75136882
TGIF1_GAAGACTGGACCGAGCGCGG	ENSG00000177426	13	12	1	chr18	3449171	3450671
JUNB_GGGCGGCTCGCGTCACTGTC	ENSG00000171223	13	13	0	chr19	12790485	12791985
BCL6_GGGCCCCTCGAGCCTCGAAC	ENSG00000113916	13	13	0	chr3	187744967	187746467
YBX1_GCGGCCGCGCGGGGTCCACA	ENSG00000065978	13	13	0	chr1	42682135	42683635
NCOR2_GGGCCCCGGGCCACACGGCT	ENSG00000196498	13	13	0	chr12	124567111	124568611
TCF7_GCACTCGGCATAGCCTTAAA	ENSG00000081059	12	9	3	chr5	134113680	134115180
ALX1_GAAAGCGAGCGCTGCGGCGT	ENSG00000180318	12	12	0	chr12	85279219	85280719
ZNF491_GAATCAGGGGCCCTGGGACG	ENSG00000177599	12	12	0	chr19	11797522	11799022
ZBTB42_GGCCCCGCGCGCAGCCAGCA	ENSG00000179627	11	9	2	chr14	104799553	104801053
TBX2_GGACAGCTCAGGCCAAGCTC	ENSG00000121068	11	7	4	chr17	61398842	61400342
HMGN3_GGGCTGGCGGGGCTCCTCAT	ENSG00000118418	11	9	2	chr6	79234181	79235681
TFAP2E_GTTCCCCAGCGGCTGCCACA	ENSG00000116819	11	10	1	chr1	35572313	35573813
IRX4_GGGGAGCCGGCGACAACTAA	ENSG00000113430	11	4	7	chr5	1886444	1887944
ISL2_GGGAAGCTTCGTGACGCCAC	ENSG00000159556	10	8	2	chr15	76335772	76337272
MECOM_GAGCGAACGCAGGGAGCCAG	ENSG00000085276	10	10	0	chr3	169663211	169664711
SP3_GGAGCCGGGGTGCTTGGAGC	ENSG00000172845	10	10	0	chr2	173963379	173964879
GBX2_GACCCAAGCTGGCCTCGAGC	ENSG00000168505	10	9	1	chr2	236167885	236169385
SRF_GTCCCCATTGGCCCACAAGA	ENSG00000112658	10	10	0	chr6	43170268	43171768
HIF1A_GAGGAACCCGCCTCCACCTC	ENSG00000100644	10	9	1	chr14	61694512	61696012
KLF16_GGCTCCGGGCCTAAGACGCT	ENSG00000129911	10	9	1	chr19	1863078	1864578
ZBTB2_GGGCAGAAGGATACGAGCAG	ENSG00000181472	9	8	1	chr6	151391058	151392558
ZNF620_GGTCCTGCAGCGCCCACACC	ENSG00000177842	8	8	0	chr3	40505038	40506538
PITX2_GGGGCCGAAGAGTCGGGAGC	ENSG00000164093	8	8	0	chr4	110636510	110638010
POU3F2_GCGGTATCCACGTAAATCAA	ENSG00000184486	8	8	0	chr6	98833573	98835073
ZNF711_GGCCCCCTACCCTGCAGCAA	ENSG00000147180	8	8	0	chrX	85242990	85244490
ELF4_GGCCAAGACACGGGGCGGCA	ENSG00000102034	8	8	0	chrX	130109996	130111496
LMO3_GCGAGGGAGCCAGCGAGAGA	ENSG00000048540	8	8	0	chr12	16605996	16607496
PML_GGAAGCTGGGGGCGGTTCTA	ENSG00000140464	7	7	0	chr15	73993715	73995215
TONSL_GCGGGGCATTCCGGGAAGTA	ENSG00000160949	7	7	0	chr8	144443939	144445439
AIRE_GGGAGGCCCTGGCCCTGATT	ENSG00000160224	7	7	0	chr21	44284875	44286375
TCF15_GGGGCTCCGCCCGGCCAATG	ENSG00000125878	7	7	0	chr20	609808	611308
ZNF697_GCCTGGCCCGAGCTACCTCC	ENSG00000143067	7	7	0	chr1	119647765	119649265
SUB1_GCTTGCCAAAAGGTCCCTTC	ENSG00000113387	7	7	0	chr5	32584556	32586056
POU2F2_GGGATCGCAGCCGTAGGAGT	ENSG00000028277	6	5	1	chr19	42131945	42133445
PGR_GGCCTCCATCCTGTCGTCAG	ENSG00000082175	6	6	0	chr11	101128576	101130076
ILF3_GGACGCAGGCCCAACCCAAA	ENSG00000129351	6	6	0	chr19	10653345	10654845
ZXDA_GTGGTACTGGGTCTCTGGAA	ENSG00000198205	6	6	0	chrX	57909957	57911457
ZNF304_GGCTGTCATTGGCTGCACGC	ENSG00000131845	6	6	0	chr19	57350270	57351770
TAF13_GGGATTACAGGGAGGCGCTC	ENSG00000197780	5	5	0	chr1	109075502	109077002
IKZF4_GGCAGCGGCACGGTGAGCAG	ENSG00000123411	5	5	0	chr12	56022081	56023581
TBX15_GTAGGGGCGCAGGTCGGATC	ENSG00000092607	5	4	1	chr1	118983377	118984877
RBMS1_GCTCAGCCCTCACCTCCAGC	ENSG00000153250	4	2	2	chr2	160493306	160494806
NR2F1_GGGTCAGAGCCCTGAATCGG	ENSG00000175745	4	4	0	chr5	93582221	93583721
AFF4_GCACCCCGGGCGTCGCCTCC	ENSG00000072364	4	2	2	chr5	132963133	132964633
IRX4_GAGACTCGCCGGTCACTCGC	ENSG00000113430	4	4	0	chr5	1882424	1883924
ARID3A_GCCCCCGGCCTAGGGACGGT	ENSG00000116017	3	2	1	chr19	924731	926231
ARID5A_GACGAAGCCGGGCTTACCAA	ENSG00000196843	3	3	0	chr2	96535751	96537251
IRX3_GCGGGGAAAAGTCGAATAAG	ENSG00000177508	3	3	0	chr16	54286286	54287786
FOSL2_GCATCTCGGGCAGAGCGCTA	ENSG00000075426	3	3	0	chr2	28394725	28396225
ZBTB37_GGCGAGGCAAGGAAAGCTCT	ENSG00000185278	3	2	1	chr1	173867379	173868879
RERE_GGGTACAGCGCGGTGTGACG	ENSG00000142599	3	2	1	chr1	8817139	8818639
FOSL2_GTGCGCTCCTCCCTGCAAGG	ENSG00000075426	3	3	0	chr2	28391857	28393357
SCX_GAGGGTGCGGTCAGGCAGCA	ENSG00000260428	3	3	0	chr8	144265452	144266952
E2F8_GGCCCCAAGCGGGGAATCGC	ENSG00000129173	3	3	0	chr11	19241154	19242654
MYB_GCGCGCTAGGCGCACCGCGG	ENSG00000118513	2	2	0	chr6	135180307	135181807
MLXIP_GCGGCCTCTTAAAGGCGCAG	ENSG00000175727	2	2	0	chr12	122077755	122079255
EBF4_GCGGGGACGTGACATCATCG	ENSG00000088881	2	2	0	chr20	2691779	2693279
PRDM6_GCGCTCTGGCGATGTGGGTC	ENSG00000061455	2	2	0	chr5	123088240	123089740
STRAP_GGCTGGCCCACGCCGACTAA	ENSG00000023734	2	2	0	chr12	15881386	15882886
FOXO6_GGCGCTGAGCTCCCAGCTCG	ENSG00000281518	2	2	0	chr1	41360433	41361933
ZFP36L1_GTGGAGTTGAATCAGCCATG	ENSG00000185650	2	2	0	chr14	68792566	68794066
ZKSCAN7_GCGGGGTCGGGGTCTCGCGA	ENSG00000196345	2	2	0	chr3	44554192	44555692
ZNF398_GAGTGCACCGGGAACCGCGC	ENSG00000197024	1	1	0	chr7	149146452	149147952
ZNF525_GAGACCTTGCCCTTTAGTAC	ENSG00000203326	1	1	0	chr19	53364704	53366204
EVX1_GTGTGGGCCTCGCTCGATTG	ENSG00000106038	1	1	0	chr7	27241801	27243301
ZBTB18_GAGTGTAGAGGAGTAGCATA	ENSG00000179456	1	0	1	chr1	244050282	244051782
FOXN3_GACGTGGGCCTGGCCGCCAG	ENSG00000053254	1	1	0	chr14	89416732	89418232
ZBTB16_GTCGGCCAGTGCGGGGTGGT	ENSG00000109906	1	1	0	chr11	114058710	114060210
LMO3_GGACACCTGTGGCTCAGATG	ENSG00000048540	1	1	0	chr12	16605661	16607161
IKZF1_GGGAGTGTGGCGGAGAAATG	ENSG00000185811	1	0	1	chr7	50303715	50305215
HMG20B_GCCTCGGCGAACGGTCCCAT	ENSG00000064961	1	1	0	chr19	3571943	3573443
HOXA6_GCAAATCGCACCAGCTGACG	ENSG00000106006	1	1	0	chr7	27147273	27148773
